,Unnamed: 0,date,open,close,high,low
0,0,2022-03-03 03:00:00,0.032563,0.031506,0.032566,0.031161
1,1,2022-03-03 07:00:00,0.031507,0.031218,0.031519,0.03089
2,2,2022-03-03 11:00:00,0.03122,0.030416,0.031502,0.030416
3,3,2022-03-03 15:00:00,0.030507,0.028562,0.030575,0.028275
4,4,2022-03-03 19:00:00,0.028562,0.02907,0.02979,0.028191
5,5,2022-03-03 23:00:00,0.029059,0.030132,0.030254,0.02905
6,6,2022-03-04 03:00:00,0.030055,0.029043,0.030254,0.028994
7,7,2022-03-04 07:00:00,0.02904,0.031436,0.031436,0.028999
8,8,2022-03-04 11:00:00,0.031287,0.034,0.038784,0.031003
9,9,2022-03-04 15:00:00,0.033997,0.026523,0.034252,0.025001
10,10,2022-03-04 19:00:00,0.026523,0.025625,0.027157,0.025625
11,11,2022-03-04 23:00:00,0.02563,0.02255,0.025721,0.02098
12,12,2022-03-05 03:00:00,0.022554,0.023079,0.023621,0.022
13,13,2022-03-05 07:00:00,0.023072,0.023131,0.023363,0.0225
14,14,2022-03-05 11:00:00,0.023137,0.024789,0.026,0.02282
15,15,2022-03-05 15:00:00,0.024677,0.023119,0.0248,0.023
16,16,2022-03-05 19:00:00,0.023116,0.022779,0.023621,0.022418
17,17,2022-03-05 23:00:00,0.022776,0.022904,0.023624,0.02198
18,18,2022-03-06 03:00:00,0.022898,0.022418,0.023028,0.022006
19,19,2022-03-06 07:00:00,0.022417,0.021559,0.022637,0.021321
20,20,2022-03-06 11:00:00,0.021561,0.021219,0.022359,0.0203
21,21,2022-03-06 15:00:00,0.02122,0.021498,0.022428,0.020465
22,22,2022-03-06 19:00:00,0.021497,0.020381,0.021918,0.020311
23,23,2022-03-06 23:00:00,0.020404,0.019047,0.020637,0.018843
24,24,2022-03-07 03:00:00,0.019044,0.018228,0.019607,0.018
25,25,2022-03-07 07:00:00,0.018239,0.018124,0.018447,0.0175
26,26,2022-03-07 11:00:00,0.01812,0.018037,0.018424,0.01785
27,27,2022-03-07 15:00:00,0.017936,0.01858,0.018708,0.017769
28,28,2022-03-07 19:00:00,0.018573,0.017529,0.019902,0.017173
29,29,2022-03-07 23:00:00,0.01741,0.019115,0.019115,0.017271
30,30,2022-03-08 03:00:00,0.019059,0.018712,0.019099,0.018598
31,31,2022-03-08 07:00:00,0.018709,0.017965,0.018752,0.017753
32,32,2022-03-08 11:00:00,0.017963,0.018622,0.018729,0.017714
33,33,2022-03-08 15:00:00,0.0187,0.017891,0.01878,0.017501
34,34,2022-03-08 19:00:00,0.017886,0.01693,0.018231,0.0168
35,35,2022-03-08 23:00:00,0.016833,0.01708,0.017769,0.016542
36,36,2022-03-09 03:00:00,0.017085,0.0173,0.018229,0.016933
37,37,2022-03-09 07:00:00,0.017365,0.018168,0.018495,0.017266
38,38,2022-03-09 11:00:00,0.018174,0.0183,0.022852,0.017175
39,39,2022-03-09 15:00:00,0.0183,0.017942,0.018626,0.017502
40,40,2022-03-09 19:00:00,0.017923,0.01791,0.017961,0.017551
41,41,2022-03-09 23:00:00,0.0179,0.017672,0.01795,0.017501
42,42,2022-03-10 03:00:00,0.017629,0.0161,0.017699,0.01608
43,43,2022-03-10 07:00:00,0.01603,0.015098,0.0162,0.014581
44,44,2022-03-10 11:00:00,0.015096,0.01527,0.0154,0.014743
45,45,2022-03-10 15:00:00,0.0153,0.014887,0.0153,0.01471
46,46,2022-03-10 19:00:00,0.014924,0.01463,0.015025,0.014211
47,47,2022-03-10 23:00:00,0.014627,0.014996,0.015186,0.014073
48,48,2022-03-11 03:00:00,0.014998,0.014184,0.015186,0.014179
49,49,2022-03-11 07:00:00,0.014183,0.013496,0.014196,0.013458
50,50,2022-03-11 11:00:00,0.013458,0.013289,0.01366,0.012852
51,51,2022-03-11 15:00:00,0.01328,0.013131,0.013856,0.013001
52,52,2022-03-11 19:00:00,0.013123,0.0126,0.013179,0.011998
53,53,2022-03-11 23:00:00,0.0126,0.012538,0.012909,0.012283
54,54,2022-03-12 03:00:00,0.012507,0.012452,0.0129,0.0123
55,55,2022-03-12 07:00:00,0.012455,0.011701,0.012529,0.011696
56,56,2022-03-12 11:00:00,0.011776,0.012009,0.013506,0.011709
57,57,2022-03-12 15:00:00,0.011969,0.01176,0.012041,0.01135
58,58,2022-03-12 19:00:00,0.011812,0.011746,0.011999,0.0114
59,59,2022-03-12 23:00:00,0.011748,0.01158,0.012234,0.011454
60,60,2022-03-13 03:00:00,0.01158,0.011623,0.011978,0.011111
61,61,2022-03-13 07:00:00,0.011589,0.015429,0.01625,0.01151
62,62,2022-03-13 11:00:00,0.01543,0.013011,0.015979,0.013011
63,63,2022-03-13 15:00:00,0.013011,0.011686,0.0142,0.010969
64,64,2022-03-13 19:00:00,0.011682,0.010913,0.01187,0.010378
65,65,2022-03-13 23:00:00,0.01085,0.01021,0.01115,0.01
66,66,2022-03-14 03:00:00,0.01018,0.010166,0.010619,0.01
67,67,2022-03-14 07:00:00,0.010166,0.010884,0.011084,0.010012
68,68,2022-03-14 11:00:00,0.01095,0.010464,0.012231,0.010081
69,69,2022-03-14 15:00:00,0.010463,0.010317,0.010601,0.0101
70,70,2022-03-14 19:00:00,0.0103,0.01019,0.0105,0.01012
71,71,2022-03-14 23:00:00,0.010255,0.010348,0.01049,0.010001
72,72,2022-03-15 03:00:00,0.010346,0.010671,0.010703,0.010254
73,73,2022-03-15 07:00:00,0.010676,0.010165,0.01185,0.010165
74,74,2022-03-15 11:00:00,0.010165,0.010411,0.01121,0.010101
75,75,2022-03-15 15:00:00,0.010411,0.01027,0.010534,0.01021
76,76,2022-03-15 19:00:00,0.010294,0.010347,0.01087,0.010283
77,77,2022-03-15 23:00:00,0.010355,0.010639,0.01066,0.010301
78,78,2022-03-16 03:00:00,0.010639,0.010412,0.0111,0.010206
79,79,2022-03-16 07:00:00,0.010419,0.010702,0.010885,0.01022
80,80,2022-03-16 11:00:00,0.010702,0.011312,0.0119,0.010501
81,81,2022-03-16 15:00:00,0.011303,0.013561,0.013925,0.010798
82,82,2022-03-16 19:00:00,0.0135,0.014399,0.014683,0.0119
83,83,2022-03-16 23:00:00,0.014326,0.0146,0.01465,0.012805
84,84,2022-03-17 03:00:00,0.01465,0.013615,0.015499,0.013144
85,85,2022-03-17 07:00:00,0.0136,0.014875,0.0153,0.013506
86,86,2022-03-17 11:00:00,0.014821,0.014304,0.015093,0.01375
87,87,2022-03-17 15:00:00,0.014304,0.0175,0.01814,0.0139
88,88,2022-03-17 19:00:00,0.01742,0.0166,0.019,0.016116
89,89,2022-03-17 23:00:00,0.016563,0.018123,0.0187,0.016561
90,90,2022-03-18 03:00:00,0.018123,0.018984,0.019997,0.017217
91,91,2022-03-18 07:00:00,0.018945,0.018024,0.0193,0.01782
92,92,2022-03-18 11:00:00,0.01809,0.017446,0.0187,0.017007
93,93,2022-03-18 15:00:00,0.017467,0.022015,0.022288,0.017326
94,94,2022-03-18 19:00:00,0.022114,0.0224,0.023,0.0211
95,95,2022-03-18 23:00:00,0.022307,0.0246,0.0246,0.021507
96,96,2022-03-19 03:00:00,0.024495,0.023391,0.0255,0.022539
97,97,2022-03-19 07:00:00,0.023394,0.021022,0.023417,0.020312
98,98,2022-03-19 11:00:00,0.021023,0.021201,0.0235,0.020787
99,99,2022-03-19 15:00:00,0.0212,0.021899,0.022154,0.020234
100,100,2022-03-19 19:00:00,0.02184,0.020157,0.022085,0.0191
101,101,2022-03-19 23:00:00,0.02017,0.019549,0.020316,0.019241
102,102,2022-03-20 03:00:00,0.019549,0.018745,0.01962,0.018331
103,103,2022-03-20 07:00:00,0.018741,0.018357,0.019327,0.018
104,104,2022-03-20 11:00:00,0.018339,0.018457,0.0192,0.018226
105,105,2022-03-20 15:00:00,0.018459,0.018167,0.018582,0.018
106,106,2022-03-20 19:00:00,0.018154,0.01681,0.018487,0.016726
107,107,2022-03-20 23:00:00,0.016814,0.015564,0.017813,0.015
108,108,2022-03-21 03:00:00,0.015552,0.015807,0.016625,0.01531
109,109,2022-03-21 07:00:00,0.015808,0.015801,0.016367,0.015375
110,110,2022-03-21 11:00:00,0.015732,0.018093,0.018842,0.015546
111,111,2022-03-21 15:00:00,0.01803,0.0192,0.022,0.017692
112,112,2022-03-21 19:00:00,0.0192,0.018101,0.019306,0.017368
113,113,2022-03-21 23:00:00,0.018101,0.019279,0.01988,0.017367
114,114,2022-03-22 03:00:00,0.019279,0.021399,0.021665,0.018494
115,115,2022-03-22 07:00:00,0.02135,0.01904,0.021589,0.0189
116,116,2022-03-22 11:00:00,0.019044,0.0182,0.020002,0.018119
117,117,2022-03-22 15:00:00,0.0182,0.020811,0.021,0.018114
118,118,2022-03-22 19:00:00,0.02081,0.023336,0.025,0.02066
119,119,2022-03-22 23:00:00,0.023336,0.023,0.0252,0.02215
120,120,2022-03-23 03:00:00,0.022954,0.021103,0.023,0.020698
121,121,2022-03-23 07:00:00,0.021104,0.021994,0.02316,0.020215
122,122,2022-03-23 11:00:00,0.021992,0.022901,0.023146,0.021707
123,123,2022-03-23 15:00:00,0.022901,0.023615,0.02556,0.022803
124,124,2022-03-23 19:00:00,0.023702,0.024117,0.025461,0.02331
125,125,2022-03-23 23:00:00,0.024117,0.028413,0.029705,0.023749
126,126,2022-03-24 03:00:00,0.028413,0.026936,0.0292,0.0264
127,127,2022-03-24 07:00:00,0.026931,0.040732,0.048,0.02693
128,128,2022-03-24 11:00:00,0.040732,0.037529,0.049709,0.036846
129,129,2022-03-24 15:00:00,0.037528,0.038696,0.0419,0.034319
130,130,2022-03-24 19:00:00,0.038696,0.037963,0.042959,0.031698
131,131,2022-03-24 23:00:00,0.037792,0.036817,0.040197,0.036361
132,132,2022-03-25 03:00:00,0.036817,0.039017,0.045914,0.034514
133,133,2022-03-25 07:00:00,0.038992,0.03955,0.044991,0.0375
134,134,2022-03-25 11:00:00,0.03955,0.038657,0.0435,0.038286
135,135,2022-03-25 15:00:00,0.038452,0.03775,0.039828,0.0363
136,136,2022-03-25 19:00:00,0.037608,0.039081,0.04031,0.03686
137,137,2022-03-25 23:00:00,0.03916,0.037924,0.039227,0.03606
138,138,2022-03-26 03:00:00,0.037924,0.037199,0.038118,0.035174
139,139,2022-03-26 07:00:00,0.037198,0.038469,0.038813,0.036818
140,140,2022-03-26 11:00:00,0.038365,0.036941,0.038467,0.036629
141,141,2022-03-26 15:00:00,0.036939,0.037,0.037468,0.035121
142,142,2022-03-26 19:00:00,0.037172,0.0357,0.037205,0.035313
143,143,2022-03-26 23:00:00,0.035675,0.035019,0.0367,0.034666
144,144,2022-03-27 03:00:00,0.035019,0.034043,0.03544,0.034043
145,145,2022-03-27 07:00:00,0.03417,0.033697,0.034392,0.032412
146,146,2022-03-27 11:00:00,0.033742,0.032892,0.034393,0.032135
147,147,2022-03-27 15:00:00,0.032908,0.03173,0.034307,0.0298
148,148,2022-03-27 19:00:00,0.031673,0.029026,0.031918,0.028042
149,149,2022-03-27 23:00:00,0.029146,0.031475,0.03253,0.028746
150,150,2022-03-28 03:00:00,0.031372,0.028909,0.032052,0.028606
151,151,2022-03-28 07:00:00,0.028959,0.034878,0.0367,0.028566
152,152,2022-03-28 11:00:00,0.034723,0.03573,0.037064,0.034
153,153,2022-03-28 15:00:00,0.035568,0.037121,0.04265,0.03555
154,154,2022-03-28 19:00:00,0.037121,0.04216,0.04792,0.036713
155,155,2022-03-28 23:00:00,0.042174,0.035837,0.042867,0.0354
156,156,2022-03-29 03:00:00,0.035716,0.037666,0.038826,0.035516
157,157,2022-03-29 07:00:00,0.037665,0.037483,0.0399,0.036914
158,158,2022-03-29 11:00:00,0.037529,0.036922,0.038321,0.03352
159,159,2022-03-29 15:00:00,0.036999,0.038284,0.0405,0.036118
160,160,2022-03-29 19:00:00,0.038343,0.039788,0.04,0.038
161,161,2022-03-29 23:00:00,0.039789,0.037079,0.041,0.036314
162,162,2022-03-30 03:00:00,0.036916,0.037582,0.038624,0.035122
163,163,2022-03-30 07:00:00,0.037603,0.036274,0.038233,0.036127
164,164,2022-03-30 11:00:00,0.036274,0.03658,0.0388,0.035938
165,165,2022-03-30 15:00:00,0.03657,0.03524,0.0376,0.035129
166,166,2022-03-30 19:00:00,0.035372,0.033652,0.036648,0.032606
167,167,2022-03-30 23:00:00,0.033652,0.0331,0.034901,0.032883
168,168,2022-03-31 03:00:00,0.033096,0.03307,0.034349,0.0328
169,169,2022-03-31 07:00:00,0.033206,0.03121,0.033799,0.031171
170,170,2022-03-31 11:00:00,0.03133,0.033215,0.033871,0.03073
171,171,2022-03-31 15:00:00,0.033217,0.030603,0.03363,0.03
172,172,2022-03-31 19:00:00,0.030603,0.034519,0.036869,0.02925
173,173,2022-03-31 23:00:00,0.03452,0.034986,0.036226,0.032882
174,174,2022-04-01 03:00:00,0.035091,0.031254,0.035625,0.031196
175,175,2022-04-01 07:00:00,0.0312,0.032317,0.032394,0.0306
176,176,2022-04-01 11:00:00,0.032358,0.038564,0.046082,0.032001
177,177,2022-04-01 15:00:00,0.038565,0.052152,0.054727,0.037003
178,178,2022-04-01 19:00:00,0.052151,0.04718,0.052861,0.044715
179,179,2022-04-01 23:00:00,0.047274,0.04615,0.052,0.042786
180,180,2022-04-02 03:00:00,0.04615,0.044603,0.047995,0.043607
181,181,2022-04-02 07:00:00,0.044596,0.041991,0.044945,0.041856
182,182,2022-04-02 11:00:00,0.041991,0.040211,0.043,0.039649
183,183,2022-04-02 15:00:00,0.040211,0.041108,0.0443,0.040001
184,184,2022-04-02 19:00:00,0.041108,0.045326,0.045667,0.04
185,185,2022-04-02 23:00:00,0.045326,0.048481,0.051016,0.0452
186,186,2022-04-03 03:00:00,0.04848,0.048339,0.04936,0.04825
187,187,2022-04-03 07:00:00,0.048336,0.046819,0.048752,0.0468
188,188,2022-04-03 11:00:00,0.046819,0.04322,0.04795,0.042847
189,189,2022-04-03 15:00:00,0.043247,0.0425,0.0442,0.0425
190,190,2022-04-03 19:00:00,0.0425,0.043401,0.047275,0.041647
191,191,2022-04-03 23:00:00,0.043401,0.046173,0.050906,0.042114
192,192,2022-04-04 03:00:00,0.046173,0.043481,0.046409,0.043102
193,193,2022-04-04 07:00:00,0.04346,0.037067,0.04504,0.03613
194,194,2022-04-04 11:00:00,0.037067,0.040586,0.041109,0.037
195,195,2022-04-04 15:00:00,0.040586,0.036108,0.041141,0.0335
196,196,2022-04-04 19:00:00,0.036107,0.037822,0.038067,0.035168
197,197,2022-04-04 23:00:00,0.03779,0.037649,0.038703,0.036554
198,198,2022-04-05 03:00:00,0.03756,0.037622,0.04079,0.037355
199,199,2022-04-05 07:00:00,0.037616,0.036914,0.037737,0.035736
200,200,2022-04-05 11:00:00,0.0368,0.036498,0.03729,0.035834
201,201,2022-04-05 15:00:00,0.036493,0.036942,0.038593,0.03603
202,202,2022-04-05 19:00:00,0.036956,0.037381,0.037613,0.036372
203,203,2022-04-05 23:00:00,0.037364,0.036092,0.037474,0.036
204,204,2022-04-06 03:00:00,0.036091,0.035868,0.036564,0.035
205,205,2022-04-06 07:00:00,0.035868,0.035415,0.035904,0.035151
206,206,2022-04-06 11:00:00,0.035406,0.033481,0.035794,0.032482
207,207,2022-04-06 15:00:00,0.033553,0.032806,0.034369,0.032323
208,208,2022-04-06 19:00:00,0.032817,0.040066,0.042042,0.031
209,209,2022-04-06 23:00:00,0.040068,0.03329,0.046,0.033002
210,210,2022-04-07 03:00:00,0.033305,0.033376,0.034635,0.032743
211,211,2022-04-07 07:00:00,0.033376,0.033859,0.033977,0.033
212,212,2022-04-07 11:00:00,0.033846,0.034159,0.036517,0.033558
213,213,2022-04-07 15:00:00,0.03426,0.036873,0.0404,0.034139
214,214,2022-04-07 19:00:00,0.036887,0.040142,0.045,0.036602
215,215,2022-04-07 23:00:00,0.040142,0.040833,0.041564,0.037889
216,216,2022-04-08 03:00:00,0.040863,0.039785,0.04227,0.039
217,217,2022-04-08 07:00:00,0.039788,0.037,0.040132,0.035762
218,218,2022-04-08 11:00:00,0.037,0.03718,0.038251,0.0365
219,219,2022-04-08 15:00:00,0.037181,0.040124,0.044579,0.034846
220,220,2022-04-08 19:00:00,0.040106,0.035044,0.041115,0.0349
221,221,2022-04-08 23:00:00,0.035044,0.034074,0.036636,0.033317
222,222,2022-04-09 03:00:00,0.034074,0.035227,0.035312,0.033217
223,223,2022-04-09 07:00:00,0.035184,0.035164,0.036121,0.034481
224,224,2022-04-09 11:00:00,0.035153,0.034575,0.036777,0.0343
225,225,2022-04-09 15:00:00,0.034599,0.03412,0.035017,0.033851
226,226,2022-04-09 19:00:00,0.034114,0.036301,0.036308,0.033892
227,227,2022-04-09 23:00:00,0.036302,0.035576,0.0365,0.035015
228,228,2022-04-10 03:00:00,0.035539,0.035283,0.036034,0.034991
229,229,2022-04-10 07:00:00,0.035219,0.035129,0.0356,0.0351
230,230,2022-04-10 11:00:00,0.035129,0.034868,0.035442,0.03449
231,231,2022-04-10 15:00:00,0.03482,0.034025,0.0352,0.03358
232,232,2022-04-10 19:00:00,0.034026,0.03448,0.034915,0.033391
233,233,2022-04-10 23:00:00,0.034517,0.032871,0.034729,0.0305
234,234,2022-04-11 03:00:00,0.032903,0.031756,0.032903,0.030609
235,235,2022-04-11 07:00:00,0.031655,0.032874,0.033169,0.0311
236,236,2022-04-11 11:00:00,0.032864,0.028492,0.032893,0.028012
237,237,2022-04-11 15:00:00,0.028492,0.028867,0.03124,0.028373
238,238,2022-04-11 19:00:00,0.028867,0.028209,0.030229,0.0275
239,239,2022-04-11 23:00:00,0.028131,0.027455,0.02821,0.025191
240,240,2022-04-12 03:00:00,0.027452,0.025255,0.027501,0.02344
241,241,2022-04-12 07:00:00,0.025155,0.02639,0.026908,0.024586
242,242,2022-04-12 11:00:00,0.026453,0.027276,0.0289,0.026387
243,243,2022-04-12 15:00:00,0.02726,0.026441,0.028347,0.025838
244,244,2022-04-12 19:00:00,0.026435,0.025,0.026777,0.02442
245,245,2022-04-12 23:00:00,0.024966,0.028858,0.031052,0.024701
246,246,2022-04-13 03:00:00,0.028854,0.03243,0.033948,0.027771
247,247,2022-04-13 07:00:00,0.032474,0.030815,0.03256,0.029783
248,248,2022-04-13 11:00:00,0.030826,0.031215,0.032169,0.029302
249,249,2022-04-13 15:00:00,0.03115,0.032894,0.032894,0.030781
250,250,2022-04-13 19:00:00,0.03281,0.031779,0.033502,0.031756
251,251,2022-04-13 23:00:00,0.031829,0.031374,0.032592,0.031204
252,252,2022-04-14 03:00:00,0.031297,0.032177,0.0332,0.031262
253,253,2022-04-14 07:00:00,0.032196,0.032402,0.033247,0.032163
254,254,2022-04-14 11:00:00,0.032481,0.031386,0.032635,0.031216
255,255,2022-04-14 15:00:00,0.031361,0.028406,0.031837,0.028001
256,256,2022-04-14 19:00:00,0.028436,0.027557,0.029419,0.027184
257,257,2022-04-14 23:00:00,0.027677,0.02881,0.029961,0.026985
258,258,2022-04-15 03:00:00,0.028811,0.03,0.0315,0.0288
259,259,2022-04-15 07:00:00,0.029961,0.030842,0.031442,0.02968
260,260,2022-04-15 11:00:00,0.030842,0.031023,0.031728,0.03057
261,261,2022-04-15 15:00:00,0.031022,0.031438,0.032,0.029588
262,262,2022-04-15 19:00:00,0.031437,0.031325,0.031803,0.0307
263,263,2022-04-15 23:00:00,0.031325,0.030789,0.031428,0.030568
264,264,2022-04-16 03:00:00,0.030789,0.03203,0.03288,0.030789
265,265,2022-04-16 07:00:00,0.032119,0.031801,0.032167,0.031478
266,266,2022-04-16 11:00:00,0.031801,0.032735,0.032987,0.031617
267,267,2022-04-16 15:00:00,0.032733,0.030235,0.033014,0.0301
268,268,2022-04-16 19:00:00,0.030219,0.030601,0.031246,0.029584
269,269,2022-04-16 23:00:00,0.030599,0.030292,0.030988,0.0299
270,270,2022-04-17 03:00:00,0.030266,0.030446,0.03092,0.030032
271,271,2022-04-17 07:00:00,0.030445,0.031009,0.031464,0.03044
272,272,2022-04-17 11:00:00,0.031002,0.031205,0.031812,0.030998
273,273,2022-04-17 15:00:00,0.031205,0.030833,0.03121,0.030496
274,274,2022-04-17 19:00:00,0.030833,0.03034,0.031,0.03
275,275,2022-04-17 23:00:00,0.030338,0.028578,0.030608,0.028172
276,276,2022-04-18 03:00:00,0.028606,0.0288,0.028995,0.028109
277,277,2022-04-18 07:00:00,0.028704,0.027971,0.028835,0.027394
278,278,2022-04-18 11:00:00,0.027971,0.027574,0.028,0.02707
279,279,2022-04-18 15:00:00,0.027577,0.02772,0.028395,0.027064
280,280,2022-04-18 19:00:00,0.027634,0.029577,0.03027,0.0273
281,281,2022-04-18 23:00:00,0.029598,0.029219,0.030207,0.028908
282,282,2022-04-19 03:00:00,0.029216,0.02912,0.030494,0.02872
283,283,2022-04-19 07:00:00,0.029119,0.028889,0.029546,0.028696
284,284,2022-04-19 11:00:00,0.028909,0.029515,0.030146,0.028833
285,285,2022-04-19 15:00:00,0.029476,0.029352,0.03,0.029
286,286,2022-04-19 19:00:00,0.029352,0.029533,0.0298,0.029034
287,287,2022-04-19 23:00:00,0.029534,0.031424,0.032,0.029231
288,288,2022-04-20 03:00:00,0.031421,0.031041,0.033027,0.03075
289,289,2022-04-20 07:00:00,0.031047,0.030251,0.031061,0.0291
290,290,2022-04-20 11:00:00,0.030237,0.03133,0.031497,0.029645
291,291,2022-04-20 15:00:00,0.031408,0.029407,0.031753,0.029
292,292,2022-04-20 19:00:00,0.029389,0.029553,0.030534,0.028701
293,293,2022-04-20 23:00:00,0.029567,0.028949,0.0301,0.028881
294,294,2022-04-21 03:00:00,0.028904,0.02915,0.029331,0.028904
295,295,2022-04-21 07:00:00,0.029047,0.029196,0.029819,0.029047
296,296,2022-04-21 11:00:00,0.02916,0.029434,0.02985,0.02915
297,297,2022-04-21 15:00:00,0.029437,0.031167,0.0326,0.029165
298,298,2022-04-21 19:00:00,0.031166,0.029906,0.031167,0.029663
299,299,2022-04-21 23:00:00,0.029855,0.02842,0.029925,0.027801
300,300,2022-04-22 03:00:00,0.028461,0.029151,0.030018,0.02795
301,301,2022-04-22 07:00:00,0.029128,0.028397,0.029308,0.028101
302,302,2022-04-22 11:00:00,0.028403,0.028099,0.028634,0.027874
303,303,2022-04-22 15:00:00,0.028135,0.026818,0.028311,0.02626
304,304,2022-04-22 19:00:00,0.026818,0.027177,0.027395,0.026423
305,305,2022-04-22 23:00:00,0.027174,0.026736,0.027329,0.02602
306,306,2022-04-23 03:00:00,0.026637,0.026973,0.027232,0.0263
307,307,2022-04-23 07:00:00,0.026889,0.0268,0.027788,0.026714
308,308,2022-04-23 11:00:00,0.026798,0.026475,0.027158,0.026373
309,309,2022-04-23 15:00:00,0.026472,0.026215,0.0273,0.026142
310,310,2022-04-23 19:00:00,0.026231,0.026474,0.02685,0.026201
311,311,2022-04-23 23:00:00,0.026473,0.02652,0.02761,0.026341
312,312,2022-04-24 03:00:00,0.026514,0.027064,0.027774,0.026514
313,313,2022-04-24 07:00:00,0.027064,0.027752,0.027752,0.026979
314,314,2022-04-24 11:00:00,0.027754,0.027111,0.028908,0.026663
315,315,2022-04-24 15:00:00,0.027114,0.026994,0.027396,0.026249
316,316,2022-04-24 19:00:00,0.026995,0.026059,0.027009,0.024889
317,317,2022-04-24 23:00:00,0.026058,0.02527,0.026098,0.025269
318,318,2022-04-25 03:00:00,0.025269,0.023755,0.025348,0.022374
319,319,2022-04-25 07:00:00,0.023752,0.023402,0.024013,0.023386
320,320,2022-04-25 11:00:00,0.023386,0.023294,0.024,0.022842
321,321,2022-04-25 15:00:00,0.023297,0.02243,0.02335,0.020867
322,322,2022-04-25 19:00:00,0.022359,0.023866,0.024356,0.021315
323,323,2022-04-25 23:00:00,0.023793,0.024165,0.024919,0.023
324,324,2022-04-26 03:00:00,0.024257,0.023977,0.02488,0.0237
325,325,2022-04-26 07:00:00,0.023991,0.022436,0.024271,0.0222
326,326,2022-04-26 11:00:00,0.022433,0.022583,0.0234,0.022315
327,327,2022-04-26 15:00:00,0.022595,0.020704,0.022779,0.019831
328,328,2022-04-26 19:00:00,0.020702,0.02005,0.021252,0.01953
329,329,2022-04-26 23:00:00,0.02008,0.021465,0.022802,0.019697
330,330,2022-04-27 03:00:00,0.021468,0.02158,0.022547,0.02097
331,331,2022-04-27 07:00:00,0.021583,0.021788,0.022129,0.021426
332,332,2022-04-27 11:00:00,0.021773,0.022034,0.0221,0.020777
333,333,2022-04-27 15:00:00,0.02203,0.021551,0.023446,0.021271
334,334,2022-04-27 19:00:00,0.02155,0.021007,0.022334,0.02077
335,335,2022-04-27 23:00:00,0.020981,0.021022,0.022323,0.020549
336,336,2022-04-28 03:00:00,0.021128,0.020947,0.021462,0.020851
337,337,2022-04-28 07:00:00,0.02095,0.020456,0.021334,0.020326
338,338,2022-04-28 11:00:00,0.020442,0.020153,0.021134,0.019585
339,339,2022-04-28 15:00:00,0.020155,0.019897,0.020598,0.0195
340,340,2022-04-28 19:00:00,0.019865,0.020034,0.020423,0.019414
341,341,2022-04-28 23:00:00,0.020034,0.019804,0.020103,0.01922
342,342,2022-04-29 03:00:00,0.019801,0.01881,0.022,0.01817
343,343,2022-04-29 07:00:00,0.01881,0.018382,0.018812,0.0178
344,344,2022-04-29 11:00:00,0.018385,0.016596,0.01842,0.015893
345,345,2022-04-29 15:00:00,0.016593,0.017519,0.017831,0.0165
346,346,2022-04-29 19:00:00,0.017444,0.016859,0.017733,0.016
347,347,2022-04-29 23:00:00,0.016855,0.018049,0.01869,0.016733
348,348,2022-04-30 03:00:00,0.018035,0.018263,0.018539,0.017834
349,349,2022-04-30 07:00:00,0.018266,0.017844,0.0183,0.017792
350,350,2022-04-30 11:00:00,0.017842,0.017754,0.018126,0.01732
351,351,2022-04-30 15:00:00,0.017745,0.019129,0.02,0.01752
352,352,2022-04-30 19:00:00,0.019126,0.01759,0.019377,0.017327
353,353,2022-04-30 23:00:00,0.017599,0.015253,0.017846,0.015
354,354,2022-05-01 03:00:00,0.015251,0.016525,0.017007,0.01514
355,355,2022-05-01 07:00:00,0.016512,0.015849,0.016669,0.0154
356,356,2022-05-01 11:00:00,0.015867,0.016119,0.0165,0.015695
357,357,2022-05-01 15:00:00,0.01613,0.01662,0.01662,0.0158
358,358,2022-05-01 19:00:00,0.01662,0.016104,0.017454,0.015931
359,359,2022-05-01 23:00:00,0.01612,0.016738,0.017,0.016007
360,360,2022-05-02 03:00:00,0.016756,0.016112,0.01684,0.016
361,361,2022-05-02 07:00:00,0.016115,0.016366,0.016443,0.016115
362,362,2022-05-02 11:00:00,0.016357,0.016032,0.016421,0.015801
363,363,2022-05-02 15:00:00,0.016029,0.016005,0.016187,0.0158
364,364,2022-05-02 19:00:00,0.016006,0.015749,0.016055,0.015191
365,365,2022-05-02 23:00:00,0.01573,0.015727,0.015806,0.015376
366,366,2022-05-03 03:00:00,0.015726,0.015741,0.0165,0.01546
367,367,2022-05-03 07:00:00,0.01574,0.015442,0.016022,0.015002
368,368,2022-05-03 11:00:00,0.015439,0.015468,0.0159,0.015101
369,369,2022-05-03 15:00:00,0.01547,0.015624,0.016,0.015302
370,370,2022-05-03 19:00:00,0.015587,0.014787,0.015985,0.014264
371,371,2022-05-03 23:00:00,0.014793,0.014828,0.015032,0.014536
372,372,2022-05-04 03:00:00,0.014785,0.015011,0.015119,0.014747
373,373,2022-05-04 07:00:00,0.015066,0.015215,0.015388,0.015022
374,374,2022-05-04 11:00:00,0.015227,0.01601,0.0166,0.015001
375,375,2022-05-04 15:00:00,0.016067,0.015617,0.016633,0.015137
376,376,2022-05-04 19:00:00,0.015559,0.018999,0.022,0.01526
377,377,2022-05-04 23:00:00,0.018999,0.017865,0.02,0.017323
378,378,2022-05-05 03:00:00,0.017862,0.017614,0.01808,0.017248
379,379,2022-05-05 07:00:00,0.017611,0.017263,0.017671,0.016532
380,380,2022-05-05 11:00:00,0.017261,0.017121,0.0187,0.0166
381,381,2022-05-05 15:00:00,0.0171,0.015183,0.017568,0.01487
382,382,2022-05-05 19:00:00,0.01508,0.015391,0.01621,0.0146
383,383,2022-05-05 23:00:00,0.015385,0.015287,0.015701,0.015003
384,384,2022-05-06 03:00:00,0.01529,0.015179,0.01529,0.015
385,385,2022-05-06 07:00:00,0.015182,0.014683,0.015314,0.014348
386,386,2022-05-06 11:00:00,0.014695,0.013874,0.014867,0.0134
387,387,2022-05-06 15:00:00,0.013827,0.014312,0.01451,0.0135
388,388,2022-05-06 19:00:00,0.014309,0.014013,0.014434,0.013833
389,389,2022-05-06 23:00:00,0.014012,0.014089,0.01448,0.013927
390,390,2022-05-07 03:00:00,0.014103,0.013746,0.014209,0.013529
391,391,2022-05-07 07:00:00,0.013747,0.013918,0.014489,0.01348
392,392,2022-05-07 11:00:00,0.013915,0.014505,0.014922,0.013846
393,393,2022-05-07 15:00:00,0.014558,0.014084,0.014614,0.01385
394,394,2022-05-07 19:00:00,0.01405,0.014411,0.01504,0.01399
395,395,2022-05-07 23:00:00,0.014455,0.013593,0.014755,0.013456
396,396,2022-05-08 03:00:00,0.013596,0.013082,0.0139,0.013
397,397,2022-05-08 07:00:00,0.013082,0.0133,0.013693,0.012922
398,398,2022-05-08 11:00:00,0.013304,0.01342,0.013564,0.013076
399,399,2022-05-08 15:00:00,0.013422,0.013132,0.013529,0.012943
400,400,2022-05-08 19:00:00,0.013135,0.013037,0.013581,0.012588
401,401,2022-05-08 23:00:00,0.013056,0.012899,0.013197,0.012803
402,402,2022-05-09 03:00:00,0.0129,0.012589,0.013118,0.012501
403,403,2022-05-09 07:00:00,0.012556,0.012038,0.01288,0.011814
404,404,2022-05-09 11:00:00,0.012037,0.012073,0.012397,0.011681
405,405,2022-05-09 15:00:00,0.012082,0.012037,0.012201,0.011702
406,406,2022-05-09 19:00:00,0.012039,0.011145,0.012148,0.01068
407,407,2022-05-09 23:00:00,0.011201,0.011829,0.012729,0.011153
408,408,2022-05-10 03:00:00,0.011756,0.012008,0.012707,0.011304
409,409,2022-05-10 07:00:00,0.012081,0.011796,0.013193,0.011537
410,410,2022-05-10 11:00:00,0.011747,0.012128,0.01296,0.011717
411,411,2022-05-10 15:00:00,0.012121,0.012484,0.013094,0.012099
412,412,2022-05-10 19:00:00,0.012483,0.01443,0.0167,0.012359
413,413,2022-05-10 23:00:00,0.014373,0.012963,0.014791,0.012483
414,414,2022-05-11 03:00:00,0.012993,0.012762,0.013501,0.012597
415,415,2022-05-11 07:00:00,0.012762,0.011621,0.013263,0.011311
416,416,2022-05-11 11:00:00,0.01157,0.0093,0.012464,0.0085
417,417,2022-05-11 15:00:00,0.0093,0.007066,0.009889,0.006733
418,418,2022-05-11 19:00:00,0.007033,0.0058,0.008017,0.005646
419,419,2022-05-11 23:00:00,0.00578,0.006411,0.006856,0.005733
420,420,2022-05-12 03:00:00,0.00645,0.006218,0.00797,0.00617
421,421,2022-05-12 07:00:00,0.006242,0.005196,0.006276,0.004547
422,422,2022-05-12 11:00:00,0.005196,0.004967,0.005526,0.0046
423,423,2022-05-12 15:00:00,0.004943,0.005228,0.005331,0.0047
424,424,2022-05-12 19:00:00,0.005225,0.005183,0.006689,0.004912
425,425,2022-05-12 23:00:00,0.00515,0.00561,0.006207,0.005012
426,426,2022-05-13 03:00:00,0.005588,0.007628,0.00789,0.005218
427,427,2022-05-13 07:00:00,0.007626,0.00731,0.008047,0.006923
428,428,2022-05-13 11:00:00,0.00731,0.00825,0.00901,0.006882
429,429,2022-05-13 15:00:00,0.008247,0.007647,0.0098,0.007647
430,430,2022-05-13 19:00:00,0.007647,0.00673,0.007834,0.0054
431,431,2022-05-13 23:00:00,0.00673,0.007453,0.007615,0.005861
432,432,2022-05-14 03:00:00,0.0074,0.008928,0.00902,0.007173
433,433,2022-05-14 07:00:00,0.008905,0.01225,0.015261,0.008895
434,434,2022-05-14 11:00:00,0.012291,0.00918,0.01448,0.0075
435,435,2022-05-14 15:00:00,0.00918,0.009519,0.011796,0.008699
436,436,2022-05-14 19:00:00,0.009517,0.01022,0.012014,0.0087
437,437,2022-05-14 23:00:00,0.010221,0.010866,0.011888,0.009852
438,438,2022-05-15 03:00:00,0.010902,0.009894,0.011855,0.009153
439,439,2022-05-15 07:00:00,0.009894,0.009789,0.0101,0.00925
440,440,2022-05-15 11:00:00,0.009798,0.010465,0.011332,0.009494
441,441,2022-05-15 15:00:00,0.010462,0.009799,0.011009,0.0095
442,442,2022-05-15 19:00:00,0.009799,0.010187,0.010383,0.00965
443,443,2022-05-15 23:00:00,0.010181,0.011338,0.012282,0.010019
444,444,2022-05-16 03:00:00,0.011326,0.010637,0.012159,0.010518
445,445,2022-05-16 07:00:00,0.010631,0.010229,0.011149,0.009627
446,446,2022-05-16 11:00:00,0.010243,0.010093,0.01042,0.009601
447,447,2022-05-16 15:00:00,0.010067,0.009775,0.0104,0.008738
448,448,2022-05-16 19:00:00,0.009774,0.010242,0.010296,0.0096
449,449,2022-05-16 23:00:00,0.010212,0.009999,0.010553,0.009885
450,450,2022-05-17 03:00:00,0.009984,0.009917,0.01,0.0096
451,451,2022-05-17 07:00:00,0.009941,0.010322,0.010322,0.009817
452,452,2022-05-17 11:00:00,0.010322,0.010582,0.011552,0.010321
453,453,2022-05-17 15:00:00,0.010591,0.01066,0.011988,0.0105
454,454,2022-05-17 19:00:00,0.010661,0.010183,0.01078,0.009843
455,455,2022-05-17 23:00:00,0.010184,0.010298,0.010543,0.00992
456,456,2022-05-18 03:00:00,0.010296,0.010302,0.0114,0.010279
457,457,2022-05-18 07:00:00,0.010297,0.009969,0.010665,0.009705
458,458,2022-05-18 11:00:00,0.009972,0.010161,0.010358,0.009759
459,459,2022-05-18 15:00:00,0.010158,0.00912,0.01027,0.008807
460,460,2022-05-18 19:00:00,0.009119,0.009071,0.009357,0.008752
461,461,2022-05-18 23:00:00,0.009074,0.008778,0.009229,0.008725
462,462,2022-05-19 03:00:00,0.008761,0.008705,0.008964,0.008108
463,463,2022-05-19 07:00:00,0.008704,0.00874,0.008941,0.008497
464,464,2022-05-19 11:00:00,0.008741,0.009082,0.009204,0.008723
465,465,2022-05-19 15:00:00,0.009082,0.010331,0.010819,0.009082
466,466,2022-05-19 19:00:00,0.010334,0.010369,0.011588,0.009738
467,467,2022-05-19 23:00:00,0.010362,0.010472,0.0114,0.010174
468,468,2022-05-20 03:00:00,0.01048,0.010353,0.010722,0.009908
469,469,2022-05-20 07:00:00,0.010388,0.009921,0.010398,0.009693
470,470,2022-05-20 11:00:00,0.009942,0.010019,0.010091,0.009697
471,471,2022-05-20 15:00:00,0.00998,0.009459,0.010873,0.009293
472,472,2022-05-20 19:00:00,0.009498,0.009342,0.009699,0.008976
473,473,2022-05-20 23:00:00,0.009314,0.009635,0.009754,0.009246
474,474,2022-05-21 03:00:00,0.009632,0.010426,0.010824,0.00935
475,475,2022-05-21 07:00:00,0.010426,0.01014,0.010426,0.009725
476,476,2022-05-21 11:00:00,0.010088,0.011238,0.0122,0.01
477,477,2022-05-21 15:00:00,0.011283,0.01095,0.0124,0.01058
478,478,2022-05-21 19:00:00,0.010895,0.011318,0.01174,0.010746
479,479,2022-05-21 23:00:00,0.011328,0.010745,0.011874,0.010669
480,480,2022-05-22 03:00:00,0.010719,0.010175,0.010898,0.009955
481,481,2022-05-22 07:00:00,0.010173,0.010141,0.010357,0.009917
482,482,2022-05-22 11:00:00,0.010118,0.0104,0.010911,0.010015
483,483,2022-05-22 15:00:00,0.01041,0.010145,0.010553,0.009982
484,484,2022-05-22 19:00:00,0.010183,0.010113,0.010315,0.0099
485,485,2022-05-22 23:00:00,0.010113,0.010299,0.010416,0.009942
486,486,2022-05-23 03:00:00,0.0103,0.010218,0.010394,0.010147
487,487,2022-05-23 07:00:00,0.010216,0.010725,0.011195,0.010134
488,488,2022-05-23 11:00:00,0.010719,0.01063,0.011851,0.010526
489,489,2022-05-23 15:00:00,0.010676,0.010346,0.010831,0.01
490,490,2022-05-23 19:00:00,0.010355,0.010412,0.011567,0.0101
491,491,2022-05-23 23:00:00,0.010403,0.010247,0.010777,0.010199
492,492,2022-05-24 03:00:00,0.010248,0.010714,0.010898,0.01021
493,493,2022-05-24 07:00:00,0.010762,0.01053,0.0108,0.010357
494,494,2022-05-24 11:00:00,0.010531,0.010194,0.010586,0.01
495,495,2022-05-24 15:00:00,0.010137,0.009756,0.0106,0.009193
496,496,2022-05-24 19:00:00,0.009772,0.009683,0.010083,0.00946
497,497,2022-05-24 23:00:00,0.009665,0.009969,0.010118,0.009406
498,498,2022-05-25 03:00:00,0.009971,0.00992,0.010102,0.009736
499,499,2022-05-25 07:00:00,0.00992,0.009582,0.009974,0.009394
500,500,2022-05-25 11:00:00,0.00955,0.009262,0.009889,0.009235
501,501,2022-05-25 15:00:00,0.009248,0.009622,0.009744,0.009235
502,502,2022-05-25 19:00:00,0.009621,0.009584,0.00967,0.00936
503,503,2022-05-25 23:00:00,0.009601,0.009751,0.010069,0.009533
504,504,2022-05-26 03:00:00,0.00975,0.009748,0.009915,0.009696
505,505,2022-05-26 07:00:00,0.009735,0.0095,0.009824,0.009457
506,506,2022-05-26 11:00:00,0.009471,0.008749,0.009578,0.008534
507,507,2022-05-26 15:00:00,0.008749,0.008965,0.009045,0.0083
508,508,2022-05-26 19:00:00,0.008963,0.0085,0.009144,0.0085
509,509,2022-05-26 23:00:00,0.0085,0.008666,0.008737,0.008382
510,510,2022-05-27 03:00:00,0.008653,0.008334,0.008738,0.008202
511,511,2022-05-27 07:00:00,0.008308,0.007993,0.008343,0.007817
512,512,2022-05-27 11:00:00,0.007992,0.008131,0.008201,0.007897
513,513,2022-05-27 15:00:00,0.008123,0.008366,0.008561,0.008086
514,514,2022-05-27 19:00:00,0.008359,0.008004,0.008413,0.007962
515,515,2022-05-27 23:00:00,0.008006,0.007973,0.008233,0.007916
516,516,2022-05-28 03:00:00,0.007978,0.008016,0.00817,0.00797
517,517,2022-05-28 07:00:00,0.008014,0.008288,0.008322,0.008
518,518,2022-05-28 11:00:00,0.008295,0.008372,0.009448,0.008294
519,519,2022-05-28 15:00:00,0.008336,0.008424,0.008652,0.008298
520,520,2022-05-28 19:00:00,0.008427,0.008617,0.008627,0.00839
521,521,2022-05-28 23:00:00,0.008614,0.008296,0.008645,0.008203
522,522,2022-05-29 03:00:00,0.00829,0.008397,0.008566,0.008271
523,523,2022-05-29 07:00:00,0.008386,0.008461,0.008567,0.008364
524,524,2022-05-29 11:00:00,0.008462,0.008517,0.008652,0.008425
525,525,2022-05-29 15:00:00,0.00851,0.008598,0.009002,0.0085
526,526,2022-05-29 19:00:00,0.008615,0.0086,0.008738,0.008526
527,527,2022-05-29 23:00:00,0.008563,0.008812,0.008898,0.008521
528,528,2022-05-30 03:00:00,0.008809,0.008906,0.008989,0.008619
529,529,2022-05-30 07:00:00,0.008909,0.009253,0.0093,0.008847
530,530,2022-05-30 11:00:00,0.009253,0.009106,0.009299,0.008991
531,531,2022-05-30 15:00:00,0.009108,0.00909,0.009181,0.00885
532,532,2022-05-30 19:00:00,0.009083,0.008491,0.00935,0.008057
533,533,2022-05-30 23:00:00,0.008462,0.008851,0.008951,0.00841
534,534,2022-05-31 03:00:00,0.008899,0.008561,0.00897,0.008484
535,535,2022-05-31 07:00:00,0.008595,0.008386,0.00862,0.008313
536,536,2022-05-31 11:00:00,0.008359,0.008399,0.00904,0.00813
537,537,2022-05-31 15:00:00,0.008417,0.00818,0.008526,0.007652
538,538,2022-05-31 19:00:00,0.008183,0.008132,0.008349,0.007988
539,539,2022-05-31 23:00:00,0.008135,0.008349,0.008509,0.008028
540,540,2022-06-01 03:00:00,0.008324,0.008233,0.008364,0.008202
541,541,2022-06-01 07:00:00,0.008222,0.007895,0.008303,0.007883
542,542,2022-06-01 11:00:00,0.007883,0.008111,0.008343,0.007806
543,543,2022-06-01 15:00:00,0.008108,0.008284,0.008845,0.007962
544,544,2022-06-01 19:00:00,0.008283,0.008026,0.008317,0.007883
545,545,2022-06-01 23:00:00,0.008023,0.00788,0.008026,0.007755
546,546,2022-06-02 03:00:00,0.007873,0.007746,0.007914,0.007655
547,547,2022-06-02 07:00:00,0.007717,0.007738,0.007786,0.007704
548,548,2022-06-02 11:00:00,0.007712,0.007804,0.007836,0.007707
549,549,2022-06-02 15:00:00,0.007836,0.007664,0.007836,0.007355
550,550,2022-06-02 19:00:00,0.007666,0.007921,0.008521,0.007577
551,551,2022-06-02 23:00:00,0.007918,0.008008,0.008024,0.007811
552,552,2022-06-03 03:00:00,0.008011,0.008027,0.008079,0.007863
553,553,2022-06-03 07:00:00,0.00803,0.008028,0.008191,0.007956
554,554,2022-06-03 11:00:00,0.007998,0.007597,0.008052,0.007502
555,555,2022-06-03 15:00:00,0.007595,0.007319,0.007667,0.007213
556,556,2022-06-03 19:00:00,0.007329,0.007461,0.007506,0.00728
557,557,2022-06-03 23:00:00,0.007464,0.007517,0.00753,0.007402
558,558,2022-06-04 03:00:00,0.007516,0.007321,0.007531,0.00729
559,559,2022-06-04 07:00:00,0.007334,0.007265,0.007367,0.007257
560,560,2022-06-04 11:00:00,0.007283,0.006927,0.007297,0.00654
561,561,2022-06-04 15:00:00,0.00693,0.007117,0.00731,0.006893
562,562,2022-06-04 19:00:00,0.007114,0.007003,0.007135,0.007003
563,563,2022-06-04 23:00:00,0.007003,0.007483,0.007499,0.006905
564,564,2022-06-05 03:00:00,0.007463,0.007274,0.0075,0.007141
565,565,2022-06-05 07:00:00,0.007272,0.007181,0.007337,0.007163
566,566,2022-06-05 11:00:00,0.00718,0.007151,0.007279,0.007133
567,567,2022-06-05 15:00:00,0.00714,0.007219,0.007239,0.00707
568,568,2022-06-05 19:00:00,0.007222,0.007162,0.00725,0.007043
569,569,2022-06-05 23:00:00,0.007159,0.007283,0.00748,0.00713
570,570,2022-06-06 03:00:00,0.007303,0.007655,0.007682,0.007211
571,571,2022-06-06 07:00:00,0.007681,0.007646,0.00777,0.007562
572,572,2022-06-06 11:00:00,0.007645,0.007841,0.008411,0.007637
573,573,2022-06-06 15:00:00,0.007806,0.007653,0.007865,0.007648
574,574,2022-06-06 19:00:00,0.007653,0.007433,0.007653,0.007361
575,575,2022-06-06 23:00:00,0.007453,0.007379,0.007559,0.007327
576,576,2022-06-07 03:00:00,0.007377,0.007024,0.00739,0.007
577,577,2022-06-07 07:00:00,0.007038,0.0068,0.007166,0.006786
578,578,2022-06-07 11:00:00,0.0068,0.006984,0.007097,0.006778
579,579,2022-06-07 15:00:00,0.006988,0.007007,0.007095,0.006869
580,580,2022-06-07 19:00:00,0.007006,0.007152,0.007158,0.006906
581,581,2022-06-07 23:00:00,0.007131,0.007057,0.0075,0.007004
582,582,2022-06-08 03:00:00,0.007058,0.007024,0.007239,0.007
583,583,2022-06-08 07:00:00,0.00703,0.007007,0.007051,0.00695
584,584,2022-06-08 11:00:00,0.006996,0.007027,0.007128,0.006933
585,585,2022-06-08 15:00:00,0.00703,0.007061,0.00716,0.006896
586,586,2022-06-08 19:00:00,0.007055,0.007056,0.00722,0.007
587,587,2022-06-08 23:00:00,0.00707,0.007005,0.007079,0.006985
588,588,2022-06-09 03:00:00,0.007007,0.007001,0.007035,0.006943
589,589,2022-06-09 07:00:00,0.007004,0.00713,0.0072,0.006968
590,590,2022-06-09 11:00:00,0.007132,0.007146,0.007551,0.007069
591,591,2022-06-09 15:00:00,0.007121,0.00751,0.007593,0.007076
592,592,2022-06-09 19:00:00,0.007523,0.007322,0.0082,0.007211
593,593,2022-06-09 23:00:00,0.007325,0.007066,0.007383,0.007038
594,594,2022-06-10 03:00:00,0.007079,0.007118,0.007133,0.006928
595,595,2022-06-10 07:00:00,0.007119,0.006928,0.00717,0.006842
596,596,2022-06-10 11:00:00,0.006925,0.007018,0.007069,0.0069
597,597,2022-06-10 15:00:00,0.007031,0.00689,0.007235,0.0065
598,598,2022-06-10 19:00:00,0.006863,0.006755,0.006975,0.0066
599,599,2022-06-10 23:00:00,0.006733,0.00694,0.007097,0.006673
600,600,2022-06-11 03:00:00,0.006888,0.00687,0.006985,0.006768
601,601,2022-06-11 07:00:00,0.006873,0.007048,0.0074,0.00683
602,602,2022-06-11 11:00:00,0.007045,0.00683,0.007066,0.006808
603,603,2022-06-11 15:00:00,0.006829,0.005929,0.00684,0.005588
604,604,2022-06-11 19:00:00,0.00593,0.00606,0.006297,0.005674
605,605,2022-06-11 23:00:00,0.006045,0.005953,0.006182,0.005866
606,606,2022-06-12 03:00:00,0.005952,0.005865,0.0065,0.005736
607,607,2022-06-12 07:00:00,0.005862,0.005733,0.005913,0.005677
608,608,2022-06-12 11:00:00,0.005734,0.005722,0.005871,0.005677
609,609,2022-06-12 15:00:00,0.005708,0.006118,0.006395,0.005632
610,610,2022-06-12 19:00:00,0.006125,0.006123,0.0063,0.005971
611,611,2022-06-12 23:00:00,0.006133,0.005828,0.006133,0.00575
612,612,2022-06-13 03:00:00,0.005827,0.005361,0.00604,0.005002
613,613,2022-06-13 07:00:00,0.005327,0.005062,0.0056,0.005062
614,614,2022-06-13 11:00:00,0.005084,0.004801,0.005254,0.004676
615,615,2022-06-13 15:00:00,0.004836,0.005192,0.0053,0.004808
616,616,2022-06-13 19:00:00,0.005172,0.005307,0.00559,0.005125
617,617,2022-06-13 23:00:00,0.00531,0.005187,0.005623,0.00513
618,618,2022-06-14 03:00:00,0.005171,0.005224,0.005343,0.0051
619,619,2022-06-14 07:00:00,0.005192,0.005451,0.0055,0.005096
620,620,2022-06-14 11:00:00,0.005451,0.005127,0.00548,0.005051
621,621,2022-06-14 15:00:00,0.005099,0.005252,0.005434,0.005061
622,622,2022-06-14 19:00:00,0.005251,0.005411,0.0056,0.005229
623,623,2022-06-14 23:00:00,0.005403,0.005801,0.005817,0.0052
624,624,2022-06-15 03:00:00,0.005801,0.005512,0.005807,0.00549
625,625,2022-06-15 07:00:00,0.005513,0.005109,0.005514,0.005109
626,626,2022-06-15 11:00:00,0.005137,0.004999,0.005161,0.0047
627,627,2022-06-15 15:00:00,0.005036,0.0064,0.007,0.004937
628,628,2022-06-15 19:00:00,0.00635,0.006,0.006449,0.005343
629,629,2022-06-15 23:00:00,0.005999,0.006718,0.007272,0.00595
630,630,2022-06-16 03:00:00,0.006723,0.006704,0.00706,0.006301
631,631,2022-06-16 07:00:00,0.006662,0.007172,0.007999,0.006662
632,632,2022-06-16 11:00:00,0.007128,0.006061,0.007183,0.006001
633,633,2022-06-16 15:00:00,0.006024,0.006214,0.006662,0.006004
634,634,2022-06-16 19:00:00,0.006206,0.005706,0.006262,0.0056
635,635,2022-06-16 23:00:00,0.005679,0.005538,0.006206,0.00541
636,636,2022-06-17 03:00:00,0.005554,0.005509,0.005788,0.005431
637,637,2022-06-17 07:00:00,0.005475,0.005781,0.00606,0.005475
638,638,2022-06-17 11:00:00,0.005781,0.005935,0.006103,0.00573
639,639,2022-06-17 15:00:00,0.005928,0.005702,0.00598,0.005553
640,640,2022-06-17 19:00:00,0.005699,0.005957,0.005999,0.005558
641,641,2022-06-17 23:00:00,0.005958,0.00568,0.006137,0.005676
642,642,2022-06-18 03:00:00,0.005683,0.005711,0.005787,0.005659
643,643,2022-06-18 07:00:00,0.005712,0.005053,0.005737,0.00499
644,644,2022-06-18 11:00:00,0.005048,0.005044,0.005353,0.004718
645,645,2022-06-18 15:00:00,0.005047,0.005052,0.005303,0.005016
646,646,2022-06-18 19:00:00,0.005091,0.005044,0.005196,0.0049
647,647,2022-06-18 23:00:00,0.005045,0.005374,0.00558,0.004957
648,648,2022-06-19 03:00:00,0.005374,0.005258,0.005413,0.005218
649,649,2022-06-19 07:00:00,0.005246,0.005163,0.005338,0.005133
650,650,2022-06-19 11:00:00,0.005149,0.005541,0.005801,0.00514
651,651,2022-06-19 15:00:00,0.005541,0.005528,0.005776,0.005298
652,652,2022-06-19 19:00:00,0.005504,0.00545,0.005648,0.005418
653,653,2022-06-19 23:00:00,0.005449,0.005227,0.005502,0.00464
654,654,2022-06-20 03:00:00,0.005189,0.005303,0.005592,0.004973
655,655,2022-06-20 07:00:00,0.005264,0.005048,0.005437,0.004951
656,656,2022-06-20 11:00:00,0.005037,0.005422,0.005505,0.004974
657,657,2022-06-20 15:00:00,0.005419,0.005432,0.0057,0.0052
658,658,2022-06-20 19:00:00,0.005406,0.005192,0.005443,0.005103
659,659,2022-06-20 23:00:00,0.005191,0.005131,0.005264,0.004868
660,660,2022-06-21 03:00:00,0.005109,0.005208,0.005232,0.00502
661,661,2022-06-21 07:00:00,0.005188,0.005469,0.005639,0.005134
662,662,2022-06-21 11:00:00,0.005448,0.005346,0.00568,0.005279
663,663,2022-06-21 15:00:00,0.005336,0.005587,0.005917,0.005301
664,664,2022-06-21 19:00:00,0.005601,0.00587,0.007,0.005542
665,665,2022-06-21 23:00:00,0.005844,0.005744,0.006433,0.005554
666,666,2022-06-22 03:00:00,0.005757,0.005689,0.00595,0.005538
667,667,2022-06-22 07:00:00,0.005687,0.005551,0.005866,0.005409
668,668,2022-06-22 11:00:00,0.005554,0.005685,0.005897,0.005538
669,669,2022-06-22 15:00:00,0.005685,0.005451,0.005907,0.005416
670,670,2022-06-22 19:00:00,0.005462,0.005348,0.005534,0.0052
671,671,2022-06-22 23:00:00,0.005321,0.005262,0.005466,0.005099
672,672,2022-06-23 03:00:00,0.005232,0.005324,0.005434,0.005214
673,673,2022-06-23 07:00:00,0.005326,0.005417,0.005542,0.005249
674,674,2022-06-23 11:00:00,0.0054,0.00543,0.005474,0.005281
675,675,2022-06-23 15:00:00,0.005428,0.005328,0.005548,0.00511
676,676,2022-06-23 19:00:00,0.00535,0.005322,0.00535,0.005181
677,677,2022-06-23 23:00:00,0.005337,0.005451,0.005533,0.005267
678,678,2022-06-24 03:00:00,0.005462,0.005384,0.005576,0.0051
679,679,2022-06-24 07:00:00,0.0054,0.005578,0.00575,0.005281
680,680,2022-06-24 11:00:00,0.005597,0.005577,0.00575,0.005438
681,681,2022-06-24 15:00:00,0.005577,0.005588,0.00575,0.00555
682,682,2022-06-24 19:00:00,0.005574,0.005683,0.005724,0.005517
683,683,2022-06-24 23:00:00,0.005661,0.005663,0.005706,0.005521
684,684,2022-06-25 03:00:00,0.005684,0.00564,0.005714,0.00555
685,685,2022-06-25 07:00:00,0.005629,0.005314,0.005696,0.00508
686,686,2022-06-25 11:00:00,0.005316,0.005373,0.005469,0.005201
687,687,2022-06-25 15:00:00,0.005352,0.005256,0.005412,0.005205
688,688,2022-06-25 19:00:00,0.005255,0.005285,0.005327,0.005198
689,689,2022-06-25 23:00:00,0.005283,0.005328,0.005361,0.005193
690,690,2022-06-26 03:00:00,0.005342,0.005272,0.005434,0.005242
691,691,2022-06-26 07:00:00,0.005269,0.005324,0.005389,0.005218
692,692,2022-06-26 11:00:00,0.005326,0.005299,0.005353,0.00521
693,693,2022-06-26 15:00:00,0.005296,0.005257,0.00538,0.005214
694,694,2022-06-26 19:00:00,0.00526,0.005332,0.005417,0.00523
695,695,2022-06-26 23:00:00,0.005316,0.005086,0.005343,0.005086
696,696,2022-06-27 03:00:00,0.005085,0.005024,0.005103,0.004892
697,697,2022-06-27 07:00:00,0.005023,0.005118,0.005161,0.004969
698,698,2022-06-27 11:00:00,0.005118,0.005091,0.00519,0.005061
699,699,2022-06-27 15:00:00,0.005091,0.005018,0.005273,0.004974
700,700,2022-06-27 19:00:00,0.00502,0.004967,0.005152,0.004893
701,701,2022-06-27 23:00:00,0.004965,0.005017,0.0051,0.00493
702,702,2022-06-28 03:00:00,0.005034,0.005023,0.005067,0.004998
703,703,2022-06-28 07:00:00,0.005026,0.00511,0.005162,0.005005
704,704,2022-06-28 11:00:00,0.005127,0.005068,0.0052,0.005043
705,705,2022-06-28 15:00:00,0.005067,0.005045,0.005124,0.005045
706,706,2022-06-28 19:00:00,0.005059,0.004992,0.005095,0.004925
707,707,2022-06-28 23:00:00,0.004998,0.004899,0.005029,0.004884
708,708,2022-06-29 03:00:00,0.004902,0.004919,0.004979,0.0049
709,709,2022-06-29 07:00:00,0.004938,0.004799,0.004951,0.004678
710,710,2022-06-29 11:00:00,0.004785,0.004856,0.004946,0.0047
711,711,2022-06-29 15:00:00,0.004843,0.004872,0.004945,0.004773
712,712,2022-06-29 19:00:00,0.004873,0.004866,0.004878,0.004733
713,713,2022-06-29 23:00:00,0.004865,0.004857,0.00492,0.004853
714,714,2022-06-30 03:00:00,0.004858,0.004855,0.004893,0.004822
715,715,2022-06-30 07:00:00,0.004853,0.004285,0.004875,0.004257
716,716,2022-06-30 11:00:00,0.004258,0.004026,0.004376,0.003975
717,717,2022-06-30 15:00:00,0.004009,0.004205,0.004334,0.004009
718,718,2022-06-30 19:00:00,0.004205,0.004096,0.004216,0.004068
719,719,2022-06-30 23:00:00,0.004096,0.004191,0.004227,0.004057
720,720,2022-07-01 03:00:00,0.004214,0.004268,0.004443,0.004191
721,721,2022-07-01 07:00:00,0.004251,0.004241,0.004293,0.00421
722,722,2022-07-01 11:00:00,0.004238,0.004036,0.004245,0.004001
723,723,2022-07-01 15:00:00,0.004034,0.004118,0.00418,0.00401
724,724,2022-07-01 19:00:00,0.0041,0.004086,0.004131,0.004063
725,725,2022-07-01 23:00:00,0.004078,0.003816,0.004099,0.003583
726,726,2022-07-02 03:00:00,0.003786,0.003688,0.003821,0.003653
727,727,2022-07-02 07:00:00,0.003685,0.003613,0.003695,0.003568
728,728,2022-07-02 11:00:00,0.003616,0.00391,0.004002,0.003601
729,729,2022-07-02 15:00:00,0.003909,0.003812,0.003961,0.003792
730,730,2022-07-02 19:00:00,0.003809,0.004051,0.004194,0.003792
731,731,2022-07-02 23:00:00,0.004026,0.003869,0.004045,0.003843
732,732,2022-07-03 03:00:00,0.003866,0.004314,0.004699,0.00382
733,733,2022-07-03 07:00:00,0.00433,0.004335,0.004664,0.004043
734,734,2022-07-03 11:00:00,0.004335,0.004242,0.004399,0.004095
735,735,2022-07-03 15:00:00,0.004241,0.00397,0.004435,0.003951
736,736,2022-07-03 19:00:00,0.003986,0.003941,0.004051,0.003899
737,737,2022-07-03 23:00:00,0.003954,0.004028,0.0041,0.003888
738,738,2022-07-04 03:00:00,0.004031,0.003835,0.004032,0.00382
739,739,2022-07-04 07:00:00,0.003819,0.004145,0.004232,0.00379
740,740,2022-07-04 11:00:00,0.004148,0.00413,0.004507,0.00409
741,741,2022-07-04 15:00:00,0.004132,0.004172,0.00419,0.004105
742,742,2022-07-04 19:00:00,0.004175,0.004329,0.004498,0.00417
743,743,2022-07-04 23:00:00,0.004332,0.00487,0.00498,0.0043
744,744,2022-07-05 03:00:00,0.004843,0.004972,0.006,0.00474
745,745,2022-07-05 07:00:00,0.004973,0.00534,0.005653,0.0049
746,746,2022-07-05 11:00:00,0.005339,0.004664,0.005339,0.004601
747,747,2022-07-05 15:00:00,0.004659,0.004474,0.004774,0.004056
748,748,2022-07-05 19:00:00,0.004471,0.004548,0.004564,0.004323
749,749,2022-07-05 23:00:00,0.004537,0.004264,0.004675,0.0041
750,750,2022-07-06 03:00:00,0.004264,0.004286,0.004382,0.004179
751,751,2022-07-06 07:00:00,0.004276,0.004421,0.004707,0.004276
752,752,2022-07-06 11:00:00,0.004418,0.004586,0.0047,0.004329
753,753,2022-07-06 15:00:00,0.004602,0.004384,0.004603,0.004371
754,754,2022-07-06 19:00:00,0.004382,0.004446,0.004649,0.004287
755,755,2022-07-06 23:00:00,0.004474,0.004528,0.004614,0.004418
756,756,2022-07-07 03:00:00,0.004514,0.00446,0.004528,0.004359
757,757,2022-07-07 07:00:00,0.004459,0.004355,0.004511,0.004202
758,758,2022-07-07 11:00:00,0.004338,0.004316,0.004427,0.004291
759,759,2022-07-07 15:00:00,0.004319,0.00439,0.004518,0.004238
760,760,2022-07-07 19:00:00,0.00439,0.004436,0.004561,0.004265
761,761,2022-07-07 23:00:00,0.004436,0.004682,0.00475,0.004389
762,762,2022-07-08 03:00:00,0.004691,0.004552,0.004691,0.004548
763,763,2022-07-08 07:00:00,0.004553,0.004404,0.004584,0.004356
764,764,2022-07-08 11:00:00,0.004403,0.004431,0.00448,0.004327
765,765,2022-07-08 15:00:00,0.00443,0.004304,0.004431,0.004201
766,766,2022-07-08 19:00:00,0.004302,0.004263,0.004311,0.004218
767,767,2022-07-08 23:00:00,0.004249,0.004342,0.004403,0.004211
768,768,2022-07-09 03:00:00,0.004343,0.004289,0.004482,0.004242
769,769,2022-07-09 07:00:00,0.004289,0.004276,0.00429,0.004243
770,770,2022-07-09 11:00:00,0.004273,0.004181,0.00429,0.0041
771,771,2022-07-09 15:00:00,0.004191,0.004169,0.004224,0.004152
772,772,2022-07-09 19:00:00,0.004166,0.004198,0.004252,0.00414
773,773,2022-07-09 23:00:00,0.00419,0.004203,0.004257,0.004163
774,774,2022-07-10 03:00:00,0.004204,0.004167,0.004278,0.004149
775,775,2022-07-10 07:00:00,0.00417,0.004155,0.004205,0.004125
776,776,2022-07-10 11:00:00,0.004162,0.004068,0.004199,0.004015
777,777,2022-07-10 15:00:00,0.004049,0.003949,0.004065,0.003848
778,778,2022-07-10 19:00:00,0.003952,0.003969,0.003983,0.00389
779,779,2022-07-10 23:00:00,0.00395,0.003914,0.003974,0.003868
780,780,2022-07-11 03:00:00,0.003913,0.003857,0.003941,0.003853
781,781,2022-07-11 07:00:00,0.00386,0.003664,0.003902,0.003525
782,782,2022-07-11 11:00:00,0.003664,0.003666,0.003779,0.003626
783,783,2022-07-11 15:00:00,0.003683,0.003705,0.003792,0.003595
784,784,2022-07-11 19:00:00,0.003702,0.003808,0.003876,0.003687
785,785,2022-07-11 23:00:00,0.003806,0.003663,0.003813,0.003632
786,786,2022-07-12 03:00:00,0.003663,0.003694,0.003727,0.003644
787,787,2022-07-12 07:00:00,0.003696,0.003706,0.003714,0.00361
788,788,2022-07-12 11:00:00,0.003707,0.003651,0.003714,0.00362
789,789,2022-07-12 15:00:00,0.003652,0.003777,0.003884,0.003651
790,790,2022-07-12 19:00:00,0.003789,0.004,0.004195,0.003735
791,791,2022-07-12 23:00:00,0.004001,0.003966,0.004112,0.003904
792,792,2022-07-13 03:00:00,0.003978,0.00398,0.004074,0.003872
793,793,2022-07-13 07:00:00,0.003982,0.003932,0.00408,0.00392
794,794,2022-07-13 11:00:00,0.003934,0.00402,0.004045,0.003928
795,795,2022-07-13 15:00:00,0.00402,0.003726,0.004023,0.003649
796,796,2022-07-13 19:00:00,0.003729,0.003765,0.003906,0.003609
797,797,2022-07-13 23:00:00,0.003766,0.003762,0.003826,0.003716
798,798,2022-07-14 03:00:00,0.003762,0.00392,0.003922,0.003762
799,799,2022-07-14 07:00:00,0.003905,0.00374,0.003923,0.003707
800,800,2022-07-14 11:00:00,0.003738,0.003678,0.003762,0.00365
801,801,2022-07-14 15:00:00,0.003681,0.003754,0.00379,0.00362
802,802,2022-07-14 19:00:00,0.003752,0.003883,0.003899,0.00366
803,803,2022-07-14 23:00:00,0.003868,0.003788,0.003883,0.003758
804,804,2022-07-15 03:00:00,0.003801,0.003733,0.003801,0.003661
805,805,2022-07-15 07:00:00,0.003735,0.003888,0.003917,0.003712
806,806,2022-07-15 11:00:00,0.003885,0.0038,0.003999,0.003753
807,807,2022-07-15 15:00:00,0.003801,0.003856,0.003891,0.0038
808,808,2022-07-15 19:00:00,0.003847,0.003867,0.003867,0.00373
809,809,2022-07-15 23:00:00,0.003867,0.003828,0.0039,0.003759
810,810,2022-07-16 03:00:00,0.003829,0.00379,0.003829,0.00375
811,811,2022-07-16 07:00:00,0.003793,0.003781,0.003855,0.003776
812,812,2022-07-16 11:00:00,0.003778,0.003714,0.003786,0.003701
813,813,2022-07-16 15:00:00,0.003715,0.003775,0.003798,0.003658
814,814,2022-07-16 19:00:00,0.003778,0.003907,0.00403,0.003766
815,815,2022-07-16 23:00:00,0.003907,0.003821,0.00393,0.00375
816,816,2022-07-17 03:00:00,0.003818,0.003779,0.003883,0.003765
817,817,2022-07-17 07:00:00,0.003781,0.003893,0.003981,0.003765
818,818,2022-07-17 11:00:00,0.00389,0.003904,0.00395,0.003844
819,819,2022-07-17 15:00:00,0.003901,0.003801,0.003993,0.00376
820,820,2022-07-17 19:00:00,0.003801,0.003792,0.003881,0.003724
821,821,2022-07-17 23:00:00,0.003773,0.003909,0.004005,0.003771
822,822,2022-07-18 03:00:00,0.003914,0.003964,0.003965,0.003856
823,823,2022-07-18 07:00:00,0.003964,0.003968,0.004089,0.003925
824,824,2022-07-18 11:00:00,0.003969,0.004068,0.00425,0.003907
825,825,2022-07-18 15:00:00,0.004068,0.004106,0.004144,0.004002
826,826,2022-07-18 19:00:00,0.004116,0.003882,0.004141,0.003857
827,827,2022-07-18 23:00:00,0.003888,0.004074,0.004088,0.003825
828,828,2022-07-19 03:00:00,0.004077,0.003992,0.004143,0.003954
829,829,2022-07-19 07:00:00,0.003992,0.003929,0.004016,0.003851
830,830,2022-07-19 11:00:00,0.003928,0.004105,0.00419,0.003921
831,831,2022-07-19 15:00:00,0.004106,0.004306,0.004535,0.004091
832,832,2022-07-19 19:00:00,0.004308,0.004452,0.00485,0.004308
833,833,2022-07-19 23:00:00,0.004451,0.004469,0.0047,0.004401
834,834,2022-07-20 03:00:00,0.004469,0.004496,0.004652,0.00435
835,835,2022-07-20 07:00:00,0.004496,0.0045,0.004759,0.00449
836,836,2022-07-20 11:00:00,0.004501,0.0047,0.0047,0.004337
837,837,2022-07-20 15:00:00,0.004678,0.004559,0.0047,0.004446
838,838,2022-07-20 19:00:00,0.004561,0.004135,0.004565,0.004087
839,839,2022-07-20 23:00:00,0.004133,0.004028,0.004214,0.003872
840,840,2022-07-21 03:00:00,0.00403,0.004031,0.004091,0.00402
841,841,2022-07-21 07:00:00,0.00403,0.004006,0.004032,0.003893
842,842,2022-07-21 11:00:00,0.004003,0.00392,0.004056,0.003916
843,843,2022-07-21 15:00:00,0.003916,0.004002,0.004015,0.003725
844,844,2022-07-21 19:00:00,0.004004,0.003906,0.004078,0.003867
845,845,2022-07-21 23:00:00,0.003903,0.003929,0.004098,0.003842
846,846,2022-07-22 03:00:00,0.003932,0.003888,0.00401,0.003813
847,847,2022-07-22 07:00:00,0.003889,0.003875,0.003965,0.003854
848,848,2022-07-22 11:00:00,0.003887,0.004007,0.004163,0.003866
849,849,2022-07-22 15:00:00,0.004007,0.003983,0.004151,0.003969
850,850,2022-07-22 19:00:00,0.003981,0.003847,0.004077,0.00374
851,851,2022-07-22 23:00:00,0.003847,0.003758,0.003855,0.0037
852,852,2022-07-23 03:00:00,0.00376,0.003776,0.003858,0.00375
853,853,2022-07-23 07:00:00,0.003773,0.00386,0.00387,0.003751
854,854,2022-07-23 11:00:00,0.003854,0.00382,0.0039,0.003797
855,855,2022-07-23 15:00:00,0.003818,0.003736,0.003842,0.0037
856,856,2022-07-23 19:00:00,0.003738,0.003856,0.00386,0.003693
857,857,2022-07-23 23:00:00,0.003858,0.003804,0.00386,0.003712
858,858,2022-07-24 03:00:00,0.003802,0.003829,0.003926,0.00376
859,859,2022-07-24 07:00:00,0.003829,0.004016,0.004041,0.00381
860,860,2022-07-24 11:00:00,0.004035,0.003967,0.004063,0.003929
861,861,2022-07-24 15:00:00,0.003969,0.003975,0.004097,0.003874
862,862,2022-07-24 19:00:00,0.003974,0.003924,0.004003,0.003913
863,863,2022-07-24 23:00:00,0.00393,0.003743,0.00396,0.003719
864,864,2022-07-25 03:00:00,0.003743,0.003544,0.003788,0.003356
865,865,2022-07-25 07:00:00,0.003547,0.003618,0.003653,0.003405
866,866,2022-07-25 11:00:00,0.003617,0.003652,0.003754,0.003525
867,867,2022-07-25 15:00:00,0.003655,0.003609,0.003665,0.003601
868,868,2022-07-25 19:00:00,0.003608,0.003601,0.003651,0.00356
869,869,2022-07-25 23:00:00,0.003601,0.003588,0.00372,0.003561
870,870,2022-07-26 03:00:00,0.003587,0.003465,0.003625,0.003463
871,871,2022-07-26 07:00:00,0.003468,0.003606,0.003655,0.003464
872,872,2022-07-26 11:00:00,0.003592,0.003581,0.003604,0.003537
873,873,2022-07-26 15:00:00,0.003584,0.003498,0.003586,0.003468
874,874,2022-07-26 19:00:00,0.003497,0.00353,0.003549,0.003461
875,875,2022-07-26 23:00:00,0.003531,0.003491,0.003537,0.0034
876,876,2022-07-27 03:00:00,0.003493,0.003515,0.00352,0.003493
877,877,2022-07-27 07:00:00,0.003516,0.003584,0.003633,0.003513
878,878,2022-07-27 11:00:00,0.003581,0.003543,0.003598,0.003501
879,879,2022-07-27 15:00:00,0.003544,0.003592,0.003727,0.003527
880,880,2022-07-27 19:00:00,0.00359,0.003656,0.003731,0.003377
881,881,2022-07-27 23:00:00,0.003658,0.003699,0.00377,0.003628
882,882,2022-07-28 03:00:00,0.003698,0.003802,0.003814,0.003657
883,883,2022-07-28 07:00:00,0.003806,0.003729,0.00385,0.003692
884,884,2022-07-28 11:00:00,0.003732,0.003716,0.003732,0.00363
885,885,2022-07-28 15:00:00,0.003719,0.003777,0.003852,0.003645
886,886,2022-07-28 19:00:00,0.003765,0.003863,0.003951,0.00375
887,887,2022-07-28 23:00:00,0.003858,0.00408,0.004138,0.003857
888,888,2022-07-29 03:00:00,0.004085,0.003965,0.004087,0.003952
889,889,2022-07-29 07:00:00,0.00396,0.00385,0.004,0.003814
890,890,2022-07-29 11:00:00,0.003848,0.003737,0.00392,0.0037
891,891,2022-07-29 15:00:00,0.003738,0.003781,0.003837,0.003643
892,892,2022-07-29 19:00:00,0.003784,0.003781,0.003837,0.003609
893,893,2022-07-29 23:00:00,0.003782,0.003768,0.003838,0.003757
894,894,2022-07-30 03:00:00,0.003766,0.003785,0.003789,0.003672
895,895,2022-07-30 07:00:00,0.003783,0.003764,0.003809,0.003664
896,896,2022-07-30 11:00:00,0.003767,0.00369,0.003775,0.003644
897,897,2022-07-30 15:00:00,0.003689,0.00385,0.003863,0.00368
898,898,2022-07-30 19:00:00,0.003847,0.003783,0.00405,0.003774
899,899,2022-07-30 23:00:00,0.00378,0.003726,0.003785,0.00368
900,900,2022-07-31 03:00:00,0.003721,0.003759,0.003772,0.003693
901,901,2022-07-31 07:00:00,0.003762,0.003786,0.00383,0.003713
902,902,2022-07-31 11:00:00,0.003787,0.003767,0.003804,0.003745
903,903,2022-07-31 15:00:00,0.003764,0.003744,0.003767,0.003704
904,904,2022-07-31 19:00:00,0.003747,0.003707,0.003789,0.003647
905,905,2022-07-31 23:00:00,0.00371,0.00362,0.003733,0.003602
906,906,2022-08-01 03:00:00,0.003626,0.003683,0.003709,0.003617
907,907,2022-08-01 07:00:00,0.003685,0.003633,0.003689,0.003624
908,908,2022-08-01 11:00:00,0.003634,0.003656,0.003806,0.00361
909,909,2022-08-01 15:00:00,0.003655,0.003607,0.003656,0.0035
910,910,2022-08-01 19:00:00,0.003605,0.003591,0.003641,0.00354
911,911,2022-08-01 23:00:00,0.003591,0.003649,0.003678,0.003523
912,912,2022-08-02 03:00:00,0.003649,0.003486,0.003649,0.003425
913,913,2022-08-02 07:00:00,0.003487,0.003522,0.00354,0.003485
914,914,2022-08-02 11:00:00,0.003523,0.003564,0.003645,0.003435
915,915,2022-08-02 15:00:00,0.003565,0.003717,0.00374,0.0035
916,916,2022-08-02 19:00:00,0.003727,0.003644,0.003948,0.003608
917,917,2022-08-02 23:00:00,0.003646,0.00362,0.00368,0.00362
918,918,2022-08-03 03:00:00,0.003619,0.003598,0.003678,0.003513
919,919,2022-08-03 07:00:00,0.003595,0.003607,0.003613,0.003583
920,920,2022-08-03 11:00:00,0.003608,0.003689,0.003737,0.003608
921,921,2022-08-03 15:00:00,0.003691,0.003662,0.003809,0.003514
922,922,2022-08-03 19:00:00,0.003661,0.003683,0.003705,0.003625
923,923,2022-08-03 23:00:00,0.003682,0.003636,0.003682,0.00355
924,924,2022-08-04 03:00:00,0.003633,0.003613,0.003637,0.003581
925,925,2022-08-04 07:00:00,0.00361,0.003607,0.003691,0.0036
926,926,2022-08-04 11:00:00,0.003604,0.003615,0.003627,0.003555
927,927,2022-08-04 15:00:00,0.003614,0.00366,0.003695,0.003586
928,928,2022-08-04 19:00:00,0.003641,0.00356,0.003695,0.00354
929,929,2022-08-04 23:00:00,0.003559,0.003569,0.003639,0.003555
930,930,2022-08-05 03:00:00,0.003569,0.003635,0.003635,0.003551
931,931,2022-08-05 07:00:00,0.003635,0.0036,0.003689,0.003591
932,932,2022-08-05 11:00:00,0.0036,0.003646,0.00366,0.003585
933,933,2022-08-05 15:00:00,0.003649,0.003668,0.003785,0.003609
934,934,2022-08-05 19:00:00,0.003665,0.003686,0.003785,0.00363
935,935,2022-08-05 23:00:00,0.003686,0.003653,0.003887,0.003646
936,936,2022-08-06 03:00:00,0.003655,0.00377,0.00381,0.003646
937,937,2022-08-06 07:00:00,0.003772,0.00372,0.003785,0.003661
938,938,2022-08-06 11:00:00,0.003716,0.003661,0.00377,0.003639
939,939,2022-08-06 15:00:00,0.003661,0.003628,0.003685,0.003595
940,940,2022-08-06 19:00:00,0.00363,0.003596,0.003701,0.003578
941,941,2022-08-06 23:00:00,0.003595,0.00359,0.00368,0.00358
942,942,2022-08-07 03:00:00,0.003593,0.003616,0.003745,0.003575
943,943,2022-08-07 07:00:00,0.003624,0.003612,0.00365,0.003577
944,944,2022-08-07 11:00:00,0.003613,0.00367,0.003726,0.003535
945,945,2022-08-07 15:00:00,0.003679,0.003659,0.003688,0.003601
946,946,2022-08-07 19:00:00,0.003657,0.003668,0.003707,0.003631
947,947,2022-08-07 23:00:00,0.003667,0.003813,0.003813,0.003632
948,948,2022-08-08 03:00:00,0.003813,0.003742,0.003854,0.003615
949,949,2022-08-08 07:00:00,0.00374,0.003989,0.00405,0.003718
950,950,2022-08-08 11:00:00,0.00399,0.003894,0.004,0.003867
951,951,2022-08-08 15:00:00,0.0039,0.004291,0.004693,0.003897
952,952,2022-08-08 19:00:00,0.00427,0.003983,0.0046,0.003957
953,953,2022-08-08 23:00:00,0.003983,0.003921,0.004032,0.00375
954,954,2022-08-09 03:00:00,0.003922,0.00412,0.0042,0.003889
955,955,2022-08-09 07:00:00,0.004116,0.004395,0.004395,0.004032
956,956,2022-08-09 11:00:00,0.00437,0.004463,0.0051,0.004333
957,957,2022-08-09 15:00:00,0.004459,0.004275,0.00449,0.004152
958,958,2022-08-09 19:00:00,0.004278,0.004196,0.0043,0.004045
959,959,2022-08-09 23:00:00,0.004193,0.004032,0.004199,0.003951
960,960,2022-08-10 03:00:00,0.004032,0.003954,0.00409,0.0039
961,961,2022-08-10 07:00:00,0.003953,0.004281,0.004359,0.003953
962,962,2022-08-10 11:00:00,0.004279,0.004256,0.004491,0.0042
963,963,2022-08-10 15:00:00,0.00425,0.004374,0.004478,0.004205
964,964,2022-08-10 19:00:00,0.004373,0.004239,0.004435,0.004206
965,965,2022-08-10 23:00:00,0.004227,0.004243,0.0043,0.004216
966,966,2022-08-11 03:00:00,0.004246,0.004377,0.00478,0.004216
967,967,2022-08-11 07:00:00,0.004376,0.004345,0.004464,0.00428
968,968,2022-08-11 11:00:00,0.004333,0.004155,0.004404,0.004138
969,969,2022-08-11 15:00:00,0.004152,0.004015,0.00421,0.004
970,970,2022-08-11 19:00:00,0.004013,0.004022,0.004069,0.003961
971,971,2022-08-11 23:00:00,0.00402,0.003936,0.00403,0.003905
972,972,2022-08-12 03:00:00,0.003933,0.004099,0.004157,0.003927
973,973,2022-08-12 07:00:00,0.004099,0.00396,0.004099,0.00392
974,974,2022-08-12 11:00:00,0.003959,0.003915,0.003983,0.003896
975,975,2022-08-12 15:00:00,0.003919,0.003924,0.003954,0.0039
976,976,2022-08-12 19:00:00,0.003926,0.003963,0.004077,0.003903
977,977,2022-08-12 23:00:00,0.00396,0.004024,0.004098,0.003945
978,978,2022-08-13 03:00:00,0.004028,0.004046,0.004094,0.003983
979,979,2022-08-13 07:00:00,0.004043,0.004056,0.00407,0.003952
980,980,2022-08-13 11:00:00,0.004058,0.003929,0.004063,0.003923
981,981,2022-08-13 15:00:00,0.003927,0.004025,0.004026,0.003927
982,982,2022-08-13 19:00:00,0.004025,0.004071,0.004095,0.00399
983,983,2022-08-13 23:00:00,0.004072,0.004051,0.004078,0.00393
984,984,2022-08-14 03:00:00,0.004052,0.004368,0.0046,0.00404
985,985,2022-08-14 07:00:00,0.004371,0.00451,0.0048,0.004324
986,986,2022-08-14 11:00:00,0.004511,0.005114,0.005299,0.004509
987,987,2022-08-14 15:00:00,0.005095,0.00453,0.00515,0.004467
988,988,2022-08-14 19:00:00,0.004533,0.004293,0.004555,0.004143
989,989,2022-08-14 23:00:00,0.00429,0.004246,0.004321,0.004109
990,990,2022-08-15 03:00:00,0.004227,0.004442,0.004484,0.00418
991,991,2022-08-15 07:00:00,0.004441,0.004154,0.004681,0.004137
992,992,2022-08-15 11:00:00,0.004154,0.004286,0.004302,0.0041
993,993,2022-08-15 15:00:00,0.004282,0.004082,0.004398,0.004048
994,994,2022-08-15 19:00:00,0.004081,0.004197,0.004299,0.00408
995,995,2022-08-15 23:00:00,0.004194,0.004138,0.004201,0.004115
996,996,2022-08-16 03:00:00,0.004141,0.004045,0.004156,0.004
997,997,2022-08-16 07:00:00,0.004044,0.004135,0.004212,0.004041
998,998,2022-08-16 11:00:00,0.00412,0.004091,0.004179,0.004001
999,999,2022-08-16 15:00:00,0.004089,0.004036,0.004146,0.004001
